year_month,total_revenue,order_volume
2023-01,6332.74,40
2023-02,5075.219999999999,39
2023-03,5405.95,40
2023-04,6420.779999999997,46
2023-05,5001.690000000001,50
2023-06,4762.86,40
2023-07,5689.92,44
2023-08,4183.51,34
2023-09,5176.070000000001,33
2023-10,4743.3499999999985,41
2023-11,7270.640000000002,44
2023-12,5674.96,43
