year_month,total_revenue,order_volume
2023-11,7270.640000000002,44
2022-06,7095.539999999999,50
2023-04,6420.779999999997,46
